domain_name,Carleton_response_addresses,Google_response_addresses,TTL_Carleton,TTL_Google
google.com.,142.250.190.142,142.250.190.142,98,300
akadns.net.,,,-1,-1
gstatic.com.,172.217.4.67,142.250.190.67,46,300
facebook.com.,157.240.26.35,157.240.26.35,60,60
microsoft.com.,13.107.213.51 13.107.246.51,13.107.246.51 13.107.213.51,3447,644
akamai.com.,23.200.133.6 23.200.133.42,23.218.93.224 23.218.93.200,20,17
whatsapp.net.,157.240.26.54,157.240.26.54,60,60
apple.com.,17.253.144.10,17.253.144.10,225,162
fbcdn.net.,157.240.26.35,157.240.26.35,60,60
play.googleapis.com.,216.239.36.223 216.239.32.223 216.239.34.223 216.239.38.223,216.239.34.223 216.239.36.223 216.239.32.223 216.239.38.223,53,300
googleusercontent.com.,172.217.5.1,142.250.190.97,57,300
bing.com.,150.171.27.10 150.171.28.10,150.171.27.10 150.171.28.10,1929,48
microsoftonline.com.,,,-1,-1
doubleclick.net.,142.250.190.14,142.250.190.14,148,148
digicert.com.,45.60.131.229 45.60.121.229,45.60.131.229 45.60.121.229,148,107
akamai-zt.com.,,,-1,-1
office.com.,13.107.6.156,13.107.6.156,149,145
ytimg.com.,,,-1,-1
update.googleapis.com.,142.250.191.163,142.250.191.195,21,300
msn.com.,204.79.197.219,204.79.197.219,3449,45
googleapis.com.,142.250.190.68,142.250.190.100,189,300
www.googleapis.com.,142.250.191.106 142.250.190.74 142.250.191.138 172.217.4.202 142.250.191.202 172.217.2.42 172.217.4.42 142.250.191.234 142.250.190.10 172.217.1.106 142.250.190.138 142.250.190.106 142.251.32.10 142.250.190.42 142.250.191.170,142.250.191.202 142.250.190.10 142.250.190.42 142.251.32.10 142.251.34.234 142.250.191.106 142.250.191.170 142.250.190.106 172.217.2.42 142.250.190.138 172.217.4.42 172.217.1.106 172.217.4.202 142.250.191.138 142.250.191.234 142.250.190.74,90,300
app-measurement.com.,142.250.191.238,142.250.191.174,293,148
skype.com.,20.70.246.20 20.236.44.162 20.231.239.246 20.76.201.171 20.112.250.133,20.236.44.162 20.70.246.20 20.231.239.246 20.112.250.133 20.76.201.171,3448,786
office.net.,,,-1,-1
akamai.net.,,,-1,-1
youtube.com.,172.217.4.46,172.217.4.206,25,300
windows.com.,20.231.239.246 20.236.44.162 20.112.250.133 20.76.201.171 20.70.246.20,20.70.246.20 20.76.201.171 20.112.250.133 20.236.44.162 20.231.239.246,3449,1700
aaplimg.com.,,,-1,-1
instagram.com.,157.240.26.174,157.240.26.174,60,60
icloud.com.,17.253.144.10,17.253.144.10,59,544
cloud.microsoft.,20.76.201.171 20.231.239.246 20.70.246.20 20.112.250.133 20.236.44.162,20.231.239.246 20.70.246.20 20.236.44.162 20.112.250.133 20.76.201.171,149,286
officeapps.live.com.,52.108.8.12 52.108.9.12,52.108.8.12 52.108.9.12,48,38
apple-dns.net.,,,-1,-1
safebrowsing.googleapis.com.,142.250.191.170,142.250.191.234,83,300
ntp.org.,204.93.207.22,204.93.207.22,3450,138
optimizationguide-pa.googleapis.com.,142.251.32.10 142.250.191.138 142.250.191.202 142.250.190.10 142.250.191.106 142.250.190.106 142.250.190.74 142.250.190.42 172.217.5.10 142.250.191.234 142.250.190.138 172.217.4.74 142.250.191.170 172.217.1.106 142.251.34.234,142.250.190.106 142.251.32.10 172.217.2.42 142.250.190.74 142.250.190.10 142.250.190.138 172.217.4.42 142.250.191.202 142.250.190.42 172.217.1.106 172.217.5.10 142.250.191.106 142.250.191.138 142.250.191.234 142.250.191.170,236,300
windowsupdate.com.,,,-1,-1
gvt2.com.,,,-1,-1
maersk.io.,165.160.13.20 165.160.15.20,165.160.13.20 165.160.15.20,150,300
googlevideo.com.,172.217.1.100,142.251.32.4,150,300
youtubei.googleapis.com.,216.239.32.223 216.239.34.223 216.239.36.223 216.239.38.223,216.239.34.223 216.239.36.223 216.239.38.223 216.239.32.223,274,300
clientservices.googleapis.com.,142.250.190.99,142.250.191.195,46,300
cloudflare.com.,104.16.132.229 104.16.133.229,104.16.132.229 104.16.133.229,150,300
akamaiedge.net.,,,-1,-1
esc5.net.,54.208.31.49,54.208.31.49,450,600
googlesyndication.com.,142.250.190.4,142.250.191.164,151,300
tiktokv.com.,23.38.109.155 23.38.109.153 23.38.109.131 23.38.109.156 23.38.109.145 23.38.109.138 23.38.109.154 23.38.109.139 23.38.109.134,104.119.188.96 104.119.188.8 104.119.188.65 104.119.188.57 104.119.188.58 104.119.188.91 104.119.188.59 104.119.188.83 104.119.188.50,20,1
windows.net.,20.70.246.20 20.236.44.162 20.112.250.133 20.76.201.171 20.231.239.246,20.76.201.171 20.236.44.162 20.231.239.246 20.112.250.133 20.70.246.20,3451,2346
cib.com.cn.,,,-1,-1
notifications-pa.googleapis.com.,142.251.34.234 142.250.190.42 142.250.190.10 172.217.4.202 142.250.191.234 172.217.1.106 142.250.190.106 142.251.32.10 172.217.2.42 142.250.191.170 142.250.190.74 142.250.191.138 142.250.191.106 142.250.190.138 142.250.191.202,142.250.190.42 142.250.191.138 142.250.191.202 142.250.190.74 142.250.191.234 142.250.191.106 172.217.4.74 142.250.190.138 142.251.32.10 142.250.191.170 172.217.5.10 172.217.1.106 142.250.190.10 142.251.34.234 172.217.2.42 142.250.190.106,30,300
appsflyersdk.com.,18.160.102.58 18.160.102.87 18.160.102.127 18.160.102.32,18.160.102.87 18.160.102.127 18.160.102.58 18.160.102.32,60,60
amazonaws.com.,72.21.206.80 72.21.210.29 207.171.166.22,207.171.166.22 72.21.210.29 72.21.206.80,752,126
gvt1.com.,,,-1,-1
office365.com.,40.112.243.53 20.119.0.28,40.112.243.53 20.119.0.28,2166,1175
googletagmanager.com.,142.251.32.8,142.250.190.72,151,300
play-fe.googleapis.com.,142.250.190.46,172.217.2.46,269,300
login.live.com.,20.190.157.0 40.126.29.10 40.126.29.8 20.190.157.4 40.126.29.9 20.190.157.12 20.190.157.14 40.126.29.7,20.190.155.65 20.190.155.1 20.190.155.131 20.190.155.16 20.190.155.67 40.126.27.66 20.190.155.130 20.190.155.2,129,136
googleadservices.com.,142.250.190.34,142.250.190.34,151,300
akamaized.net.,,,-1,-1
adobedtm.com.,,,-1,-1
firebaselogging-pa.googleapis.com.,142.250.191.138 172.217.1.106 142.250.191.202 172.217.2.42 142.251.32.10 142.250.190.42 142.250.191.234 172.217.4.74 142.250.191.170 142.250.190.10 172.217.4.42 142.250.190.74 172.217.5.10 142.251.34.234 142.250.191.106 142.250.190.138,172.217.4.74 142.250.190.138 142.250.191.202 172.217.1.106 142.250.190.42 172.217.2.42 172.217.5.10 142.250.190.74 142.250.191.138 142.250.190.10 142.250.191.106 142.251.34.234 142.251.32.10 142.250.190.106 142.250.191.170 142.250.191.234,86,300
android.googleapis.com.,216.239.34.223 216.239.32.223 216.239.36.223 216.239.38.223,216.239.34.223 216.239.32.223 216.239.36.223 216.239.38.223,245,152
firebaseremoteconfig.googleapis.com.,172.217.4.74 172.217.4.202 142.250.191.106 142.250.190.10 172.217.2.42 142.250.190.74 142.250.190.106 142.250.191.138 142.250.190.138 142.251.34.234 142.250.191.234 142.250.191.202 142.250.191.170 172.217.4.42 142.251.32.10 142.250.190.42,142.250.190.10 142.250.191.138 142.250.190.138 142.250.190.42 142.251.32.10 142.250.191.106 142.250.191.234 142.250.190.74 142.250.190.106 172.217.5.10 142.251.34.234 172.217.4.42 142.250.191.170 142.250.191.202,164,300
tiktokcdn.com.,,,-1,-1
fonts.googleapis.com.,142.250.190.106,142.250.190.42,18,300
google-analytics.com.,142.250.191.100,142.250.191.100,300,300
ggpht.com.,,,-1,-1
crashlytics.com.,216.239.32.29,216.239.32.29,153,300
content-autofill.googleapis.com.,142.250.190.138 142.250.191.106 142.251.32.10 142.250.191.234 142.250.191.170 142.250.190.74 142.250.191.202 142.251.34.234 142.250.190.106 172.217.5.10 172.217.4.42 142.250.190.42 172.217.2.42 142.250.191.138 172.217.1.106 142.250.190.10,142.250.191.106 172.217.4.74 142.250.190.10 142.250.190.138 142.250.191.138 172.217.1.106 142.250.190.74 172.217.5.10 142.250.191.170 142.250.191.202 172.217.2.42 142.251.34.234 142.250.191.234 142.250.190.42 142.251.32.10 142.250.190.106,3,300
static.microsoft.,,,-1,-1
line-apps.com.,10.233.124.212,10.233.124.212,60,60
sfx.ms.,,,-1,-1
azure.com.,20.112.250.133 20.236.44.162 20.70.246.20 20.76.201.171 20.231.239.246,20.236.44.162 20.70.246.20 20.112.250.133 20.76.201.171 20.231.239.246,3452,2560
prod-lt-playstoregatewayadapter-pa.googleapis.com.,172.217.5.10 142.250.191.106 142.251.32.10 142.250.190.10 172.217.4.42 142.250.190.42 142.250.191.138 172.217.2.42 172.217.1.106 142.250.191.202 142.250.190.74 142.250.191.170 142.251.34.234 142.250.190.138 142.250.191.234 142.250.190.106,142.250.191.170 172.217.1.106 142.250.190.10 172.217.2.42 142.250.190.42 172.217.4.42 142.250.190.138 142.251.32.10 172.217.4.74 142.250.191.234 142.250.191.202 142.250.190.106 142.250.190.74 142.250.191.106 172.217.4.202 142.250.191.138,92,300
fastly-edge.com.,,,-1,-1
churchofjesuschrist.org.,216.49.176.20,216.49.176.20,60,60
firebaseinstallations.googleapis.com.,172.217.5.10 172.217.2.42 142.250.191.202 142.251.34.234 142.250.190.74 142.250.191.106 142.250.190.10 172.217.4.202 172.217.4.42 142.250.190.106 142.250.191.234 142.251.32.10 142.250.191.170 142.250.190.138 172.217.4.74 142.250.191.138,172.217.4.42 142.250.191.234 142.251.34.234 142.250.191.170 142.251.32.10 142.250.190.74 142.250.191.106 142.250.191.202 142.250.190.42 172.217.2.42 142.250.190.10 142.250.191.138 142.250.190.138 142.250.190.106 172.217.1.106,5,300
geller-pa.googleapis.com.,142.250.190.138 172.217.4.42 142.250.190.106 142.250.190.42 142.250.190.10 142.250.191.138 142.251.32.10 142.250.191.106 142.250.191.202 172.217.1.106 142.250.190.74 142.250.191.170 142.250.191.234 172.217.2.42 142.251.34.234,142.250.190.106 142.251.32.10 172.217.5.10 142.250.191.106 142.250.190.42 142.250.190.74 142.250.191.234 142.251.34.234 172.217.4.42 142.250.190.138 172.217.4.202 142.250.190.10 172.217.2.42 172.217.4.74 142.250.191.170 142.250.191.138,216,300
zscalertwo.net.,,,-1,-1
qq.com.,203.205.254.157 123.150.76.218 113.108.81.189,123.150.76.218 203.205.254.157 113.108.81.189,454,598
aa-rt.sharepoint.com.,,,-1,-1
people-pa.googleapis.com.,142.250.190.106 172.217.1.106 142.250.191.234 142.250.191.138 172.217.4.74 142.251.34.234 142.250.190.74 142.250.191.106 142.251.32.10 142.250.190.10 142.250.191.202 172.217.4.42 142.250.190.42 142.250.190.138 172.217.2.42 142.250.191.170,142.250.191.170 142.250.190.106 172.217.2.42 142.250.190.138 142.251.34.234 172.217.4.74 142.250.190.74 142.250.190.10 142.250.191.106 172.217.4.42 142.251.32.10 142.250.191.234 142.250.191.202 142.250.190.42 142.250.191.138,245,300
whatsapp.com.,157.240.26.54,157.240.26.54,8,60
app-analytics-services.com.,142.250.191.206,142.251.34.238,271,300
android.com.,172.217.4.196,142.250.190.100,154,300
cdn-apple.com.,,,-1,-1
sentry.io.,35.186.247.156,35.186.247.156,2430,1114
playstoregatewayadapter-pa.googleapis.com.,142.250.191.106 142.250.191.202 142.250.190.106 142.250.191.138 142.250.191.170 142.250.190.10 142.251.32.10 172.217.4.74 142.250.190.42 142.251.34.234 142.250.191.234 142.250.190.74 172.217.1.106 172.217.4.42 172.217.5.10 142.250.190.138,142.250.191.202 142.250.191.234 142.250.190.10 142.250.190.138 142.251.32.10 142.251.34.234 172.217.2.42 142.250.190.106 142.250.191.170 142.250.191.106 142.250.191.138 142.250.190.74 172.217.5.10 142.250.190.42 172.217.1.106,173,300
yahoo.com.,74.6.231.20 74.6.143.26 98.137.11.164 98.137.11.163 74.6.231.21 74.6.143.25,74.6.143.25 74.6.143.26 74.6.231.21 74.6.231.20 98.137.11.164 98.137.11.163,134,569
live.com.,204.79.197.212,204.79.197.212,173,1017
discover-pa.googleapis.com.,142.251.32.10 172.217.1.106 142.250.191.138 142.250.191.234 172.217.2.42 142.250.190.106 142.250.190.74 142.251.34.234 172.217.5.10 172.217.4.74 142.250.190.10 142.250.191.106 142.250.190.138 142.250.191.170 172.217.4.42 142.250.190.42,172.217.1.106 172.217.4.202 172.217.4.74 142.250.190.106 142.250.191.170 142.250.190.74 172.217.2.42 142.250.191.106 142.251.34.234 142.250.190.42 142.250.190.138 142.250.191.138 142.250.190.10 142.251.32.10 172.217.4.42 142.250.191.234,14,300
cloudsink.net.,,,-1,-1
spot-pa.googleapis.com.,172.217.1.106 142.250.190.42 142.250.191.234 142.250.190.74 172.217.4.74 142.251.32.10 142.250.190.10 142.250.190.138 142.250.191.138 142.251.34.234 172.217.2.42 142.250.191.202 142.250.191.170 142.250.190.106 172.217.4.42 142.250.191.106,172.217.1.106 142.250.190.10 172.217.4.202 142.251.32.10 172.217.5.10 142.250.191.138 142.250.190.106 142.250.190.74 142.250.191.234 142.250.190.138 172.217.2.42 142.250.191.106 142.250.191.170 172.217.4.42 142.250.191.202 142.250.190.42,155,300
pki.goog.,216.239.32.29,216.239.32.29,155,43
scorecardresearch.com.,165.193.78.252,165.193.78.252,3455,2804
taskassist-pa.googleapis.com.,172.217.4.42 142.251.32.10 142.250.191.202 172.217.5.10 142.251.34.234 172.217.1.106 142.250.191.234 142.250.191.106 142.250.190.10 142.250.190.138 142.250.190.106 142.250.190.74 142.250.191.170 172.217.4.202 172.217.2.42 142.250.191.138,142.250.191.202 172.217.4.74 142.250.190.10 142.250.190.106 142.250.191.106 142.250.191.138 142.250.190.42 142.250.190.74 172.217.4.42 142.250.191.170 142.250.190.138 142.250.191.234 172.217.2.42 172.217.1.106 142.251.34.234 142.251.32.10,271,300
azureedge.net.,,,-1,-1
firebaselogging.googleapis.com.,216.239.38.223 216.239.34.223 216.239.36.223 216.239.32.223,216.239.34.223 216.239.36.223 216.239.32.223 216.239.38.223,207,300
outlook.com.,52.96.223.2 52.96.172.98 52.96.222.226 52.96.91.34 52.96.214.50 52.96.111.82 52.96.228.130 52.96.222.194 52.96.229.242,52.96.222.194 52.96.222.226 52.96.228.130 52.96.229.242 52.96.91.34 52.96.214.50 52.96.172.98 52.96.223.2 52.96.111.82,155,8
paypal.com.,151.101.195.1 162.159.141.96 151.101.3.1,162.159.141.96 151.101.195.1 151.101.3.1,155,233
moba.net.,95.170.74.97,95.170.74.97,14256,14400
dell.com.,143.166.30.172 143.166.136.12,143.166.30.172 143.166.136.12,455,236
lencr.org.,18.208.88.157 98.84.224.111,98.84.224.111 18.208.88.157,58,22
cdninstagram.com.,,,-1,-1
exp-tas.com.,,,-1,-1
demdex.net.,,,-1,-1
facebook.net.,,,-1,-1
samsung.com.,211.45.27.231,211.45.27.231,156,113
linkedin.com.,150.171.22.12,150.171.22.12,109,300
mzstatic.com.,17.253.142.4,17.253.142.4,1537,2279
qualys.eu.,162.159.152.21 162.159.153.243,162.159.152.21 162.159.153.243,157,300
g.live.com.,13.107.246.38 13.107.213.38,13.107.246.38 13.107.213.38,5,36
googletagservices.com.,,,-1,-1
oauthaccountmanager.googleapis.com.,142.250.190.138 142.251.34.234 142.250.191.170 172.217.4.202 172.217.4.74 172.217.1.106 142.250.191.234 142.250.191.138 142.250.191.106 172.217.4.42 142.250.190.106 142.251.32.10 142.250.190.74 172.217.5.10 172.217.2.42 142.250.191.202,142.250.190.138 142.250.191.170 142.250.190.42 142.250.190.74 142.250.191.234 142.250.191.202 172.217.4.42 142.250.190.106 172.217.2.42 142.251.32.10 142.250.191.106 142.251.34.234 172.217.5.10 142.250.190.10 172.217.4.74 142.250.191.138,119,300
applovin.com.,34.54.184.105,34.54.184.105,120,120
searchnotifications-pa.googleapis.com.,142.250.190.106 142.250.190.10 142.251.34.234 142.250.191.202 172.217.1.106 142.250.191.106 142.250.191.138 142.250.191.170 142.250.190.138 142.250.191.234 142.250.190.42 142.251.32.10 172.217.2.42 172.217.5.10 172.217.4.202 142.250.190.74,142.250.190.74 142.251.34.234 142.250.190.106 142.250.191.234 142.250.190.138 172.217.1.106 142.251.32.10 142.250.190.42 142.250.191.202 142.250.190.10 142.250.191.170 142.250.191.138 142.250.191.106 172.217.2.42,157,300
adtrafficquality.google.,142.250.191.164,172.217.4.36,158,300
amazon-adsystem.com.,54.145.59.57 52.205.243.115 52.200.46.40,52.200.46.40 52.205.243.115 54.145.59.57,758,736
pangle.io.,,,-1,-1
criteo.com.,23.185.0.4,23.185.0.4,60,60
appcenter.ms.,13.107.246.38 13.107.213.38,13.107.246.51 13.107.213.51,3457,2691
adnxs.com.,68.67.179.113 68.67.160.117 68.67.160.114 68.67.179.153 68.67.160.75 68.67.160.184 68.67.160.137 68.67.160.132 68.67.179.164 68.67.161.208 68.67.181.211 68.67.160.76,104.254.151.68 104.254.148.252 104.254.148.251 104.254.151.36 104.254.151.60 104.254.151.69 104.254.150.241,120,120
safebrowsing.apple.,,,-1,-1
fnop.net.,64.68.202.11,64.68.202.11,759,900
svc.ms.,,,-1,-1
ipv4only.arpa.,192.0.0.171 192.0.0.170,192.0.0.171 192.0.0.170,70579,16622
vungle.com.,141.193.213.11 141.193.213.10,141.193.213.10 141.193.213.11,159,300
samsungcloud.com.,,,-1,-1
apple.map.fastly.net.,151.101.151.6,151.101.195.6 151.101.131.6 151.101.67.6 151.101.3.6,60,60
peoplestack-pa.googleapis.com.,172.217.2.42 142.250.191.202 142.251.34.234 142.250.190.106 142.250.190.138 142.250.191.234 142.251.32.10 172.217.4.42 142.250.191.170 172.217.4.74 142.250.190.74 172.217.4.202 142.250.191.138 172.217.1.106 142.250.190.10 142.250.191.106,172.217.1.106 142.250.191.234 142.250.190.138 142.250.191.138 172.217.5.10 142.250.190.106 142.250.191.202 142.250.190.42 142.250.191.106 142.251.32.10 142.250.191.170 142.250.190.10 142.250.190.74 142.251.34.234 172.217.4.42 172.217.4.74,278,300
taboola.com.,151.101.66.132 151.101.194.132 151.101.130.132 151.101.2.132,151.101.2.132 151.101.194.132 151.101.66.132 151.101.130.132,459,157
msedge.net.,204.79.197.197,204.79.197.197,60,37
alssys.vn.,144.48.22.40,144.48.22.40,220,360
spotify.com.,35.186.224.24,35.186.224.24,159,241
meetings.googleapis.com.,142.250.190.74 142.251.34.234 142.250.190.138 172.217.4.202 172.217.4.42 142.251.32.10 172.217.4.74 142.250.191.138 142.250.190.106 142.250.190.42 172.217.1.106 142.250.191.202 142.250.191.170 142.250.191.106 142.250.190.10 172.217.2.42,142.250.191.202 142.250.190.138 172.217.4.74 172.217.2.42 142.251.34.234 142.250.190.106 142.250.190.10 142.250.191.106 142.250.190.74 172.217.1.106 142.251.32.10 142.250.191.138 142.250.191.170 142.250.191.234 172.217.5.10 142.250.190.42,130,300
inmobi.com.,35.212.28.75,35.212.28.75,30,30
msftconnecttest.com.,,,-1,-1
maersk.net.,165.160.15.20 165.160.13.20 203.156.12.154,203.156.12.154 165.160.13.20 165.160.15.20,160,300
ampproject.org.,172.217.2.46,172.217.4.46,160,300
3gppnetwork.org.,,,-1,-1
cloudflare.net.,104.17.156.85 104.16.208.90,104.16.208.90 104.17.156.85,160,300
illusionblack.com.,,,-1,-1
i18n-pglstatp.com.,,,-1,-1
akamaihd.net.,,,-1,-1
branch.io.,18.160.181.2 18.160.181.9 18.160.181.53 18.160.181.8,18.160.181.2 18.160.181.53 18.160.181.8 18.160.181.9,60,60
adobe.com.,23.217.104.116 23.217.104.119,23.48.99.68 23.48.99.78,20,20
crashlyticsreports-pa.googleapis.com.,142.250.191.131,142.250.190.99,39,300
xgapromomanager-pa.googleapis.com.,142.250.190.10 142.250.191.170 142.251.32.10 172.217.1.106 142.250.191.234 142.250.191.138 142.250.190.138 142.250.190.74 172.217.5.10 172.217.2.42 142.250.191.106 142.250.190.42 142.250.190.106 172.217.4.42 172.217.4.74 142.250.191.202,172.217.4.74 142.250.190.106 142.250.191.170 142.250.191.234 142.250.191.138 142.250.191.202 142.250.190.10 142.250.190.42 142.250.191.106 172.217.4.42 172.217.2.42 142.251.34.234 142.251.32.10 172.217.1.106 142.250.190.74 142.250.190.138,96,300
pubmatic.com.,18.160.225.96 18.160.225.16 18.160.225.91 18.160.225.53,3.169.202.33 3.169.202.17 3.169.202.21 3.169.202.47,60,37
nelreports.net.,,,-1,-1
rubiconproject.com.,69.194.143.123,69.194.143.123,11,132
adsrvr.org.,3.170.103.117 3.170.103.29 3.170.103.25 3.170.103.83,99.84.118.89 99.84.118.106 99.84.118.36 99.84.118.46,37,54
unity3d.com.,23.2.131.38,23.2.131.38,20,20
shopeemobile.com.,147.136.141.130,147.136.141.130,761,900
azurefd.net.,,,-1,-1
proactivebackend-pa.googleapis.com.,142.250.191.202 142.251.32.10 142.250.190.138 142.251.34.234 142.250.191.234 142.250.191.106 142.250.190.106 172.217.4.42 172.217.1.106 172.217.2.42 172.217.5.10 142.250.190.74 142.250.191.170 142.250.190.42 142.250.191.138 142.250.190.10,142.250.190.106 172.217.4.202 142.250.191.138 142.251.32.10 142.250.191.202 142.250.190.10 142.250.190.42 172.217.1.106 142.251.34.234 142.250.191.170 142.250.190.74 142.250.190.138 142.250.191.234 172.217.2.42 142.250.191.106 172.217.5.10,31,300
netflix.com.,3.230.129.93 52.3.144.142 54.237.226.164,54.237.226.164 52.3.144.142 3.230.129.93,60,60
playatoms-pa.googleapis.com.,142.250.191.202 142.250.190.138 172.217.5.10 142.251.34.234 172.217.2.42 142.250.190.10 142.250.191.138 142.250.190.74 172.217.4.202 172.217.1.106 142.251.32.10 172.217.4.74 142.250.191.106 142.250.190.42 142.250.191.234 142.250.191.170,142.250.191.234 142.250.190.74 172.217.1.106 142.250.190.10 172.217.4.42 142.250.191.138 142.250.190.138 142.250.191.106 142.251.34.234 142.250.190.106 142.251.32.10 142.250.191.170 142.250.191.202 172.217.4.74 142.250.190.42 172.217.4.202,162,300
zscaler.com.,52.10.132.43 44.231.34.82,52.10.132.43 44.231.34.82,162,33
damco.com.,204.74.99.103,204.74.99.103,162,300
taobao.com.,59.82.121.163 59.82.43.238 59.82.43.234 59.82.122.130 59.82.122.140 59.82.43.239 59.82.44.240 59.82.122.165,59.82.122.140 59.82.43.238 59.82.43.234 59.82.44.240 59.82.122.165 59.82.43.239 59.82.121.163 59.82.122.130,163,300
firebaseremoteconfigrealtime.googleapis.com.,172.217.2.42 142.250.191.170 142.250.190.74 172.217.4.74 142.250.191.138 142.251.34.234 142.250.191.106 142.250.190.138 172.217.4.202 142.250.190.42 172.217.1.106 142.250.190.106 172.217.5.10 142.250.190.10 142.250.191.234 142.251.32.10,142.250.190.10 142.250.191.106 142.250.190.74 142.250.190.106 142.250.191.234 142.251.32.10 142.251.34.234 172.217.1.106 142.250.191.138 142.250.190.42 142.250.191.170 172.217.4.202 142.250.190.138 142.250.191.202,11,162
zdxcloud.net.,,,-1,-1
mobilemaps-pa-gz.googleapis.com.,216.239.38.135,216.239.38.135,2179,3462
jsdelivr.net.,1.2.3.4,1.2.3.4,600,466
mobileconfiguration-pa.googleapis.com.,142.250.190.42 172.217.5.10 142.250.190.106 142.250.191.170 172.217.2.42 142.251.32.10 142.250.190.10 142.250.191.202 142.250.191.138 142.250.191.234 142.250.190.138 142.250.191.106 172.217.1.106 172.217.4.42 142.250.190.74 142.251.34.234,142.250.190.138 172.217.1.106 142.251.32.10 142.250.191.234 142.250.190.106 142.250.190.10 142.250.191.106 142.250.191.170 142.250.190.74 142.250.190.42 142.250.191.202 172.217.4.74 172.217.2.42 142.250.191.138,162,300
zscaler.net.,,,-1,-1
omtrdc.net.,,,-1,-1
clarity.ms.,52.173.199.90 13.89.188.82,52.173.199.90 13.89.188.82,3463,384
2mdn.net.,,,-1,-1
giphy.com.,151.101.129.91 151.101.1.91 151.101.193.91 151.101.65.91,151.101.1.91 151.101.129.91 151.101.193.91 151.101.65.91,3463,3313
danaccess.net.,217.167.147.132,217.167.147.132,463,600
dmw.gov.ph.,202.69.191.77,202.69.191.77,14265,14265
heytapmobile.com.,,,-1,-1
susercontent.com.,,,-1,-1
oauth2.googleapis.com.,142.250.112.95,192.178.153.95,268,300
licdn.com.,,,-1,-1
live.net.,,,-1,-1
weather.com.,23.11.10.192,23.11.10.192,20,20
macys.net.,,,-1,-1
xiaomi.com.,124.251.34.141,124.251.34.141,466,600
casalemedia.com.,104.18.27.193 104.18.26.193,104.18.27.193 104.18.26.193,166,147
twitter.com.,162.159.140.229,172.66.0.227,237,186
voilatile-pa.googleapis.com.,172.217.4.202 142.250.190.74 142.250.191.202 142.250.191.138 172.217.1.106 142.250.190.138 142.251.32.10 142.251.34.234 172.217.4.42 172.217.2.42 142.250.190.42 142.250.191.106 142.250.191.234 142.250.190.106 142.250.190.10 142.250.191.170,142.250.191.234 142.250.190.10 142.250.190.138 172.217.4.42 142.250.191.202 142.250.191.106 172.217.4.74 142.250.190.106 142.250.190.42 142.251.32.10 142.251.34.234 172.217.1.106 172.217.2.42 142.250.190.74 142.250.191.138 142.250.191.170,300,300
msftauth.net.,,,-1,-1
amazon.com.,98.82.161.185 98.87.170.74 98.87.170.71,98.87.170.71 98.82.161.185 98.87.170.74,442,183
storage.googleapis.com.,172.217.5.27 142.250.190.155 172.217.4.91 142.250.190.59 142.250.191.187 172.217.2.59 142.250.190.123 142.250.190.27 172.217.4.219 142.251.34.251 172.217.1.123 142.250.190.91 142.250.191.251 142.251.32.27 172.217.4.59 142.250.191.219,172.217.4.59 142.251.34.251 142.250.190.59 142.250.190.155 142.250.191.187 172.217.1.123 142.250.190.27 142.250.190.91 172.217.2.59 142.250.191.251 142.250.191.219 172.217.4.91 142.250.191.155 142.250.191.123 142.251.32.27 142.250.190.123,79,300
jnn-pa.googleapis.com.,142.250.190.138 172.217.1.106 142.251.34.234 172.217.2.42 142.250.190.74 172.217.4.202 172.217.4.74 142.250.191.106 142.250.190.106 142.251.32.10 172.217.5.10 142.250.191.170 142.250.191.202 142.250.190.10 142.250.191.138 142.250.190.42,142.250.190.10 172.217.1.106 142.250.191.106 142.250.190.106 142.251.32.10 142.250.190.42 142.250.191.234 142.250.191.202 142.250.190.74 172.217.2.42 172.217.4.74 142.251.34.234 142.250.190.138 142.250.191.170 172.217.5.10 142.250.191.138,15,300
kghcustoms.com.,194.218.10.186,194.218.10.186,166,300
googlezip.net.,,,-1,-1
adobe.io.,54.144.73.197 107.22.247.231 18.207.85.246 34.193.227.236,52.5.13.197 54.227.187.23 23.22.254.206 52.202.204.11,60,9
tiktok.com.,184.30.42.25 184.30.42.12 184.30.42.9,23.217.55.181 23.217.55.197 23.217.55.170 23.217.55.198,20,20
network-auth.com.,,,-1,-1
adsafeprotected.com.,3.162.163.47 3.162.163.127 3.162.163.88 3.162.163.24,18.154.101.97 18.154.101.120 18.154.101.105 18.154.101.23,8,55
tpp.com.pe.,52.205.198.106,52.205.198.106,3466,283
ibyteimg.com.,,,-1,-1
openx.net.,34.98.64.218 35.244.159.8,34.98.64.218 35.244.159.8,766,766
msftncsi.com.,,,-1,-1
photosdata-pa.googleapis.com.,142.250.191.202 172.217.4.42 172.217.2.42 142.250.191.138 142.250.190.42 142.250.191.170 142.251.32.10 142.250.190.74 142.251.34.234 142.250.190.10 172.217.4.202 142.250.191.106 142.250.190.106 172.217.4.74 172.217.1.106 142.250.190.138,172.217.1.106 142.250.190.10 172.217.5.10 142.250.191.106 142.250.190.106 172.217.4.42 142.250.191.138 172.217.4.74 142.250.190.42 142.250.191.202 142.251.32.10 142.250.191.234 142.250.190.138 142.251.34.234 142.250.190.74 142.250.191.170,138,300
chatgpt.com.,172.64.155.209 104.18.32.47,172.64.155.209 104.18.32.47,174,167
geomobileservices-pa.googleapis.com.,142.250.191.138 172.217.2.42 142.251.34.234 142.250.191.202 142.250.190.138 142.250.190.42 142.250.190.106 172.217.1.106 142.250.191.170 172.217.4.202 142.251.32.10 142.250.191.234 172.217.5.10 172.217.4.74 142.250.190.10 142.250.191.106,172.217.1.106 142.250.190.106 142.250.191.234 172.217.5.10 172.217.4.202 172.217.2.42 142.250.190.10 142.251.34.234 142.250.191.106 142.250.191.170 142.250.190.138 142.250.191.138 142.250.190.74 142.251.32.10 142.250.191.202 142.250.190.42,167,300
heytapdl.com.,,,-1,-1
bidswitch.net.,34.160.122.192,34.160.122.192,120,29
smartadserver.com.,34.160.41.36,34.160.41.36,466,128
tiktokpangle.us.,,,-1,-1
trafficmanager.net.,,,-1,-1
baidu.com.,220.181.7.203 39.156.70.113,39.156.70.113 220.181.7.203,467,332
instantmessaging-pa.googleapis.com.,216.239.34.223 216.239.32.223 216.239.36.223 216.239.38.223,216.239.34.223 216.239.36.223 216.239.32.223 216.239.38.223,268,300
locationhistory-pa.googleapis.com.,142.250.190.106 142.250.191.106 142.251.32.10 142.250.190.42 172.217.4.74 142.250.190.138 142.250.190.74 172.217.1.106 142.251.34.234 142.250.190.10 172.217.4.202 142.250.191.170 172.217.2.42 142.250.191.202 142.250.191.234 172.217.5.10,142.250.191.138 172.217.1.106 142.250.190.42 172.217.4.74 172.217.5.10 142.250.191.202 142.250.190.10 142.250.190.138 142.250.191.106 142.250.190.106 172.217.2.42 142.250.191.234 142.251.32.10 142.250.191.170 142.251.34.234 142.250.190.74,257,300
azure.net.,20.231.239.246 20.70.246.20 20.112.250.133 20.76.201.171 20.236.44.162,20.231.239.246 20.76.201.171 20.70.246.20 20.112.250.133 20.236.44.162,3467,1546
doubleverify.com.,199.60.103.65 199.60.103.165,199.60.103.65 199.60.103.165,767,293
capcutapi.com.,,,-1,-1
samsungapps.com.,213.71.30.154,213.71.30.154,168,300
amp-endpoint3.com.,,,-1,-1
creativecdn.com.,185.184.8.90,185.184.8.90,241,268
accountcapabilities-pa.googleapis.com.,172.217.1.106 142.250.190.10 142.250.190.42 142.250.191.234 142.250.191.106 142.251.32.10 142.250.191.202 142.250.190.106 172.217.5.10 142.250.191.138 172.217.4.202 172.217.2.42 142.250.190.138 142.251.34.234 172.217.4.42 142.250.190.74,172.217.2.42 142.250.190.106 142.250.191.234 172.217.4.202 142.250.191.138 142.251.32.10 172.217.4.42 172.217.1.106 142.250.190.42 142.250.190.10 142.250.191.202 142.250.190.138 142.250.191.106 172.217.5.10 142.250.190.74 142.250.191.170,110,300
everesttech.net.,208.91.169.4,208.91.169.4,167,300
resolver.arpa.,,,-1,-1
3lift.com.,99.84.203.58 99.84.203.115 99.84.203.126 99.84.203.5,99.84.203.58 99.84.203.5 99.84.203.115 99.84.203.126,60,60
gmail.com.,142.250.190.101,142.251.32.5,77,300
amp-endpoint2.com.,,,-1,-1
cloudflareinsights.com.,104.16.80.73 104.16.79.73,104.16.79.73 104.16.80.73,168,300
aliyun.com.,140.205.60.46 140.205.135.3 106.11.248.146 106.11.253.83 106.11.172.9 106.11.249.99,140.205.135.3 106.11.172.9 106.11.253.83 106.11.248.146 140.205.60.46 106.11.249.99,167,300
msauth.net.,,,-1,-1
outbrain.com.,151.101.130.132 151.101.194.132 151.101.2.132 151.101.66.132,151.101.194.132 151.101.2.132 151.101.66.132 151.101.130.132,168,300
footprints-pa.googleapis.com.,142.250.190.10 172.217.2.42 172.217.1.106 142.250.191.170 142.251.34.234 172.217.4.74 142.250.190.74 142.251.32.10 142.250.191.234 142.250.191.106 172.217.4.42 142.250.190.138 142.250.191.202 142.250.190.42 142.250.190.106 142.250.191.138,142.250.190.10 172.217.4.74 142.250.191.138 142.250.190.106 142.250.190.42 142.251.32.10 172.217.2.42 142.250.190.138 142.250.190.74 142.250.191.234 172.217.1.106 142.250.191.170 142.250.191.106 142.251.34.234 142.250.191.202,168,300
nr-data.net.,,,-1,-1
google.cn.,142.250.191.163,172.217.4.67,168,300
chromewebstore.googleapis.com.,142.250.191.202 142.250.191.106 172.217.2.42 142.250.191.234 142.250.190.106 142.251.34.234 142.250.190.10 142.250.190.42 172.217.1.106 142.250.190.138 142.251.32.10 172.217.4.74 142.250.191.138 142.250.191.170 142.250.190.74,172.217.4.42 172.217.5.10 142.250.190.42 142.250.191.106 142.250.190.138 142.250.191.234 172.217.1.106 142.250.190.74 142.250.191.202 142.250.190.10 172.217.4.202 142.250.191.138 172.217.4.74 142.251.32.10 142.250.190.106 172.217.2.42,77,300
launchdarkly.com.,3.33.186.135 15.197.167.90,3.33.186.135 15.197.167.90,60,21
oneget.org.,104.43.254.102,104.43.254.102,3469,2547
passwordsleakcheck-pa.googleapis.com.,142.250.191.138 172.217.1.106 172.217.4.202 142.250.191.106 142.250.190.106 142.251.32.10 142.250.190.10 142.250.191.170 142.250.191.202 142.250.190.138 142.250.190.42 142.250.190.74 172.217.4.42 142.250.191.234 172.217.4.74,172.217.4.42 142.250.190.74 142.250.190.138 142.250.190.42 172.217.4.74 172.217.5.10 142.250.191.106 172.217.4.202 172.217.2.42 142.251.34.234 142.250.191.202 142.250.190.106 142.251.32.10 142.250.191.138 172.217.1.106 142.250.190.10,300,300
android-context-data.googleapis.com.,142.250.190.10 142.251.32.10 142.250.190.42 142.250.190.74 142.250.191.106 142.250.191.138 172.217.1.106 142.251.34.234 142.250.191.170 142.250.190.138 142.250.191.202 172.217.5.10 142.250.191.234 142.250.190.106,172.217.4.74 172.217.2.42 142.251.32.10 142.250.190.42 142.250.191.202 142.250.191.106 142.250.190.138 142.250.190.106 142.251.34.234 172.217.4.42 142.250.190.74 142.250.191.170 142.250.191.234 142.250.190.10 142.250.191.138,294,300
browser-intake-datadoghq.com.,3.233.158.114 3.233.158.111 3.233.158.112,3.233.158.26 3.233.158.25 3.233.158.24,60,7
nearbysharing-pa.googleapis.com.,142.250.190.42 142.250.191.170 142.250.191.106 142.251.34.234 142.250.191.138 172.217.5.10 142.250.190.10 142.250.190.138 142.250.191.202 142.251.32.10 172.217.2.42 142.250.191.234 142.250.190.106 172.217.1.106 142.250.190.74,172.217.5.10 142.250.191.234 142.250.190.106 142.250.191.138 172.217.4.74 142.250.190.138 142.250.191.202 172.217.4.42 142.250.190.10 142.250.190.42 142.250.190.74 142.250.191.106 172.217.1.106 142.250.191.170 172.217.2.42 172.217.4.202,168,300
media.net.,23.41.168.23,23.41.168.23,5,5
id5-sync.com.,162.19.138.120 162.19.138.118 141.95.33.120 162.19.138.116 162.19.138.83 57.129.85.132 141.95.98.64 162.19.138.82 162.19.138.119 141.95.98.65 162.19.138.117,141.95.33.120 141.95.98.65 162.19.138.117 162.19.138.119 162.19.138.83 162.19.138.118 57.129.85.132 141.95.98.64 162.19.138.120 162.19.138.82 162.19.138.116,49,300
criteo.net.,,,-1,-1
line-scdn.net.,,,-1,-1
miui.com.,124.251.100.193,124.251.100.193,468,600
onesignal.com.,104.16.160.145 104.17.111.223,104.17.111.223 104.16.160.145,168,300
qq.com.cn.,0.0.0.1,0.0.0.1,469,600
opera.com.,185.26.182.103 185.26.182.104,185.26.182.103 185.26.182.104,469,92
adjust.com.,76.76.21.21,76.76.21.21,3469,3116
teads.tv.,3.251.49.224 52.16.157.210 34.255.42.71,3.251.49.224 52.16.157.210 34.255.42.71,60,60
mtgglobals.com.,,,-1,-1
crwdcntrl.net.,199.233.57.21 199.233.57.18 199.233.57.17 199.233.57.20 199.233.57.19 199.233.57.16,199.233.57.19 199.233.57.17 199.233.57.21 199.233.57.18 199.233.57.20 199.233.57.16,70242,21600
allawnos.com.,,,-1,-1
rlcdn.com.,,,-1,-1
shopee.io.,,,-1,-1
alicdn.com.,115.238.23.240 140.205.77.240,140.205.77.240 115.238.23.240,169,169
deviceintegritytokens-pa.googleapis.com.,172.217.2.42 142.250.191.138 142.250.191.106 142.251.32.10 142.251.34.234 142.250.191.202 172.217.4.74 142.250.191.170 142.250.190.10 142.250.190.138 142.250.190.74 172.217.1.106 142.250.190.42 142.250.191.234 142.250.190.106,142.250.191.106 142.250.191.234 172.217.2.42 142.251.34.234 142.250.191.138 142.250.190.106 142.250.190.10 142.250.190.74 142.250.191.202 172.217.4.42 142.250.191.170 142.250.190.138 142.251.32.10 142.250.190.42,129,300
360yield.com.,52.49.186.77 54.171.255.234 54.216.18.245,52.49.186.77 54.171.255.234 54.216.18.245,60,2
temu.com.,151.101.66.58 151.101.2.58,151.101.66.58 151.101.2.58,170,271
icloud-content.com.,17.253.142.4,17.253.142.4,3470,267
msftstatic.com.,204.79.197.200,204.79.197.200,3470,378
imasdk.googleapis.com.,142.250.190.106,142.251.32.10,127,300
moloco.com.,99.83.190.102 75.2.70.75,75.2.70.75 99.83.190.102,170,169
appsflyer.com.,54.224.150.238 34.235.58.165,34.235.58.165 54.224.150.238,60,60
adform.net.,37.157.5.86 37.157.5.49,37.157.5.87 37.157.4.29 37.157.5.84 37.157.5.132,169,300
yandex.net.,213.180.204.242,213.180.204.242,470,600
garena.com.,148.222.71.12,148.222.71.12,470,600
1rx.io.,,,-1,-1
userlocation.googleapis.com.,142.250.190.10 172.217.5.10 142.250.191.170 172.217.4.74 142.250.191.234 142.250.190.42 142.251.34.234 142.250.190.106 142.250.191.138 142.250.191.106 172.217.4.42 142.250.190.138 142.250.190.74 172.217.2.42 172.217.1.106 142.250.191.202,142.250.191.202 172.217.4.74 142.251.34.234 142.250.190.106 172.217.2.42 142.251.32.10 142.250.190.10 142.250.190.74 142.250.190.42 142.250.190.138 142.250.191.234 172.217.5.10 172.217.4.42 172.217.4.202 172.217.1.106 142.250.191.170,128,300
safebrowsingohttpgateway.googleapis.com.,142.250.191.234 142.250.191.202 172.217.1.106 142.250.190.106 142.250.190.74 142.250.191.170 142.250.191.138 142.250.190.10 142.250.190.138 142.250.190.42 142.251.34.234 172.217.2.42 142.250.191.106 142.251.32.10 172.217.4.202,142.250.190.10 172.217.4.202 172.217.1.106 172.217.5.10 142.250.191.202 142.251.32.10 142.250.191.170 142.250.190.138 142.250.191.234 142.250.191.138 172.217.4.42 142.250.190.42 142.250.191.106 172.217.4.74 142.250.190.74 142.250.190.106,146,300
root-servers.net.,,,-1,-1
shopee.sg.,147.136.172.151,147.136.172.151,60,60
webex.com.,144.196.130.69,144.196.130.69,170,6
wbx2.com.,13.59.223.207 13.59.223.204 13.59.223.206 13.59.223.205,13.59.223.205 13.59.223.206 13.59.223.207 13.59.223.204,60,22
bugsnag.com.,18.160.181.118 18.160.181.69 18.160.181.123 18.160.181.78,18.160.181.69 18.160.181.123 18.160.181.78 18.160.181.118,49,60
quantserve.com.,54.214.172.129 44.230.238.127 52.27.85.137,44.230.238.127 52.27.85.137 54.214.172.129,60,60
s-microsoft.com.,,,-1,-1
tapad.com.,34.96.66.233,34.96.66.233,170,300
alipay.com.,110.75.130.45 110.76.8.255,110.75.130.45 110.76.8.255,471,576
go-mpulse.net.,,,-1,-1
mediatek.com.,219.87.28.83,60.250.184.101,30,30
wechat.com.,43.155.124.49 43.154.240.170,43.154.240.170 43.155.124.49,170,152
byteoversea.net.,,,-1,-1
byteglb.com.,,,-1,-1
searchlabspartnerservice-pa.googleapis.com.,142.250.190.42 142.250.191.170 142.250.191.234 172.217.1.106 142.250.190.106 142.250.191.106 142.250.191.138 172.217.2.42 142.250.190.74 142.250.190.138 142.250.190.10 172.217.4.42 142.250.191.202 142.251.34.234 142.251.32.10,142.250.190.74 142.250.190.138 142.250.190.42 142.250.191.234 172.217.2.42 142.250.191.138 172.217.4.42 142.250.191.106 142.250.191.170 142.250.190.106 142.250.191.202 172.217.1.106 142.251.34.234 172.217.4.74 172.217.5.10 142.250.190.10,300,300
maps.googleapis.com.,142.250.191.138 142.251.34.234 172.217.4.74 172.217.2.42 142.250.191.202 142.250.190.138 142.250.191.106 142.250.190.10 142.250.191.234 172.217.5.10 142.250.190.42 142.250.190.74 142.250.190.106 172.217.1.106 142.251.32.10 142.250.191.170,172.217.4.42 142.251.32.10 142.250.191.234 142.250.190.42 172.217.5.10 142.250.191.138 172.217.2.42 172.217.1.106 142.250.191.106 142.250.190.138 142.250.190.106 142.250.191.170 172.217.4.74 142.250.190.74 142.250.190.10 142.250.191.202,11,300
app-analytics-services-att.com.,142.250.190.142,142.250.191.206,171,300
csp.withgoogle.com.,142.250.191.241,142.250.190.17,299,300
ipify.org.,104.26.13.205 104.26.12.205 172.67.74.152,104.26.13.205 172.67.74.152 104.26.12.205,171,171
notifications-ueeshp-pa.googleapis.com.,172.217.2.42 142.250.190.106 172.217.4.42 142.250.191.106 142.250.191.202 172.217.4.74 142.251.34.234 142.250.190.42 172.217.1.106 172.217.5.10 142.250.190.74 142.250.191.170 142.250.191.138 142.251.32.10 142.250.190.138 142.250.191.234,142.250.190.74 172.217.4.42 172.217.4.74 142.250.190.106 142.250.191.138 142.250.190.10 142.250.191.202 172.217.5.10 142.250.191.106 142.251.34.234 142.251.32.10 142.250.191.170 142.250.191.234 172.217.4.202 142.250.190.42 172.217.2.42,300,300
locationhistoryplacedetails-pa.googleapis.com.,142.250.190.42 142.250.191.106 142.251.34.234 172.217.4.202 142.250.191.138 142.250.191.234 172.217.2.42 142.250.190.10 142.250.191.170 172.217.1.106 142.250.190.138 142.250.191.202 142.250.190.74 172.217.5.10 142.250.190.106 172.217.4.42,142.250.190.42 172.217.5.10 142.250.191.202 142.250.191.138 142.250.191.234 142.250.190.10 172.217.4.74 172.217.2.42 142.250.190.138 142.251.34.234 172.217.1.106 142.250.191.106 142.251.32.10 142.250.191.170 142.250.190.106 142.250.190.74,248,300
cookielaw.org.,104.18.86.42 104.18.87.42,104.18.86.42 104.18.87.42,171,300
aliyuncs.com.,106.15.148.44,106.15.148.44,171,300
33across.com.,151.101.194.159,151.101.194.159,60,60
pinterest.com.,151.101.192.84 151.101.0.84 151.101.128.84 151.101.64.84,151.101.0.84 151.101.64.84 151.101.128.84 151.101.192.84,471,138
sharethrough.com.,198.202.211.1,198.202.211.1,171,300
amplitude.com.,76.223.69.48 13.248.219.127,76.223.69.48 13.248.219.127,171,131
trustarc.com.,141.193.213.21 141.193.213.20,141.193.213.20 141.193.213.21,171,41
digitalassetlinks.googleapis.com.,142.250.191.170 142.251.32.10 142.251.34.234 142.250.191.234 172.217.4.202 142.250.190.42 142.250.190.10 172.217.4.74 142.250.191.138 142.250.191.202 172.217.2.42 142.250.191.106 172.217.1.106 142.250.190.74 142.250.190.106 142.250.190.138,142.250.190.42 142.251.34.234 142.250.191.138 142.250.191.234 172.217.2.42 142.251.32.10 142.250.190.106 142.250.191.202 142.250.190.74 142.250.190.138 142.250.191.106 172.217.1.106 142.250.190.10 142.250.191.170 172.217.4.74,172,300
edgesuite.net.,,,-1,-1
qualtrics.com.,50.17.152.14 23.21.43.10,23.21.43.10 50.17.152.14,70246,15535
lijit.com.,13.249.141.29 13.249.141.9 13.249.141.30 13.249.141.24,13.226.251.120 13.226.251.48 13.226.251.80 13.226.251.20,35,60
ttdns2.com.,,,-1,-1
semanticlocation-pa.googleapis.com.,172.217.4.42 142.250.190.42 172.217.1.106 142.250.190.106 142.250.191.138 142.250.190.10 142.250.190.74 172.217.2.42 142.250.190.138 142.250.191.170 142.250.191.106 172.217.4.74 142.250.191.234 142.250.191.202 142.251.34.234 142.251.32.10,142.250.190.42 142.250.190.106 172.217.2.42 142.250.190.10 172.217.1.106 172.217.4.74 142.250.191.106 142.250.190.74 142.251.32.10 142.250.191.202 142.251.34.234 142.250.190.138 142.250.191.234 172.217.4.42 142.250.191.170 142.250.191.138,171,300
stackadapt.com.,34.204.55.14,34.204.55.14,171,300
federatedcompute-pa.googleapis.com.,142.250.191.106 142.250.190.138 142.250.190.106 172.217.4.42 172.217.4.202 142.251.34.234 142.250.191.234 142.250.191.170 142.250.191.138 142.250.190.10 142.250.190.42 142.250.191.202 142.250.190.74 172.217.4.74 172.217.2.42 142.251.32.10,142.251.32.10 142.250.190.74 142.250.191.138 172.217.1.106 172.217.4.42 172.217.4.74 142.251.34.234 142.250.190.10 142.250.191.106 142.250.190.42 142.250.190.106 142.250.191.170 142.250.191.202 142.250.191.234 172.217.4.202 142.250.190.138,172,300
samsungosp.com.,,,-1,-1
onenote.net.,20.236.44.162 20.76.201.171 20.112.250.133 20.70.246.20 20.231.239.246,20.70.246.20 20.112.250.133 20.76.201.171 20.236.44.162 20.231.239.246,3472,3427
androidplatformbackuprestore-pa.googleapis.com.,142.250.190.74 142.251.32.10 142.250.191.234 172.217.2.42 142.250.191.170 142.251.34.234 172.217.5.10 142.250.190.10 172.217.4.42 142.250.191.138 172.217.1.106 142.250.191.202 142.250.191.106 142.250.190.106 142.250.190.42 142.250.190.138,172.217.4.74 142.251.32.10 142.250.190.42 142.250.190.106 142.251.34.234 172.217.1.106 142.250.191.234 142.250.191.106 142.250.190.74 142.250.190.138 172.217.2.42 142.250.191.202 142.250.191.170 142.250.190.10 172.217.4.42 172.217.5.10,172,300
smaato.net.,,,-1,-1
pubsub.googleapis.com.,142.250.191.202 142.250.190.74 172.217.4.42 142.250.190.10 172.217.4.202 142.251.32.10 172.217.5.10 142.250.191.106 172.217.2.42 172.217.4.74 142.250.190.42 142.251.34.234 142.250.191.138 142.250.191.234 142.250.191.170 172.217.1.106,172.217.4.202 172.217.5.10 142.250.190.106 142.250.190.10 142.250.191.234 172.217.2.42 142.250.191.138 142.250.190.138 142.250.190.74 142.250.191.106 172.217.4.42 142.251.34.234 142.250.190.42 142.250.191.170 172.217.4.74 172.217.1.106,300,300
snapchat.com.,34.149.46.130,34.149.46.130,60,51
restrictedapps-pa.googleapis.com.,172.217.4.74 172.217.1.106 142.250.191.234 142.250.191.202 142.250.190.74 142.250.191.170 142.251.32.10 142.250.191.106 142.250.191.138 142.251.34.234 172.217.2.42 142.250.190.138 142.250.190.42 172.217.5.10 142.250.190.10 142.250.190.106,142.250.190.42 172.217.4.74 172.217.4.202 142.250.190.106 172.217.1.106 172.217.4.42 142.250.191.234 142.250.191.202 142.250.191.138 142.250.191.170 172.217.2.42 142.251.34.234 142.250.190.138 142.250.190.74 142.250.190.10 142.251.32.10,300,300
force.com.,23.1.106.133 184.31.10.133 23.1.35.132 184.31.3.130 104.109.10.129 104.109.11.129 23.1.99.130 184.25.179.132,23.1.99.130 23.1.35.132 23.1.106.133 104.109.10.129 184.31.10.133 184.25.179.132 104.109.11.129 184.31.3.130,30,27
sc-gw.com.,,,-1,-1
newrelic.com.,151.101.2.217 151.101.130.217 151.101.66.217 151.101.194.217,151.101.130.217 151.101.194.217 151.101.2.217 151.101.66.217,1294,2416
dns.google.,8.8.4.4 8.8.8.8,8.8.4.4 8.8.8.8,773,759
xboxlive.com.,20.231.239.246 20.70.246.20 20.236.44.162 20.112.250.133 20.76.201.171,20.112.250.133 20.231.239.246 20.76.201.171 20.236.44.162 20.70.246.20,3474,677
tiktokcdn-eu.com.,,,-1,-1
shopee.com.my.,202.181.90.194,147.136.175.194,60,60
dccnet.com.cn.,,,-1,-1
vivoglobal.com.,156.59.238.20,156.59.238.20,474,600
xiaomi.net.,124.251.34.141 183.84.7.241,183.84.7.241 124.251.34.141,474,600
agkn.com.,,,-1,-1
bytefcdn-oversea.com.,,,-1,-1
t-msedge.net.,,,-1,-1
yandex.ru.,77.88.55.88 77.88.44.55 5.255.255.77,77.88.55.88 77.88.44.55 5.255.255.77,475,442
alibabadns.com.,,,-1,-1
sharepointonline.com.,65.55.93.60,65.55.93.60,3474,2069
adobedc.net.,,,-1,-1
translate.googleapis.com.,172.217.2.42,172.217.2.42,175,300
snapkit.com.,216.239.36.21 216.239.32.21 216.239.34.21 216.239.38.21,216.239.36.21 216.239.38.21 216.239.34.21 216.239.32.21,175,300
dotomi.com.,159.127.43.8 159.127.40.136,159.127.40.136 159.127.43.8,175,300
voledevice-pa.googleapis.com.,142.250.190.42 142.250.190.10 142.250.190.138 142.251.32.10 142.250.191.234 142.250.190.74 142.250.191.138 172.217.2.42 142.250.191.202 142.250.190.106 142.250.191.106 172.217.4.74 172.217.4.42 142.250.191.170 172.217.1.106 142.251.34.234,142.250.191.106 172.217.2.42 142.250.190.106 142.251.34.234 142.250.190.42 142.250.191.138 172.217.4.74 172.217.1.106 142.250.190.74 142.250.191.234 172.217.5.10 142.251.32.10 142.250.190.138 142.250.191.170 172.217.4.42 142.250.190.10,175,300
phonedeviceverification-pa.googleapis.com.,142.250.190.106 142.250.191.234 142.250.191.202 142.250.191.170 142.250.190.138 172.217.4.74 172.217.4.42 172.217.2.42 142.250.190.10 142.251.32.10 142.250.190.42 172.217.1.106 142.250.191.138 142.250.191.106 142.250.190.74 142.251.34.234,172.217.1.106 172.217.2.42 142.250.190.10 142.250.191.202 142.250.191.106 142.250.190.42 142.250.190.74 172.217.4.74 172.217.4.42 142.250.191.138 142.250.190.106 142.251.32.10 142.250.191.234 142.251.34.234 142.250.190.138 142.250.191.170,72,300
ajax.googleapis.com.,142.250.190.10,142.251.34.234,53,300
meta.app.,34.202.175.143,34.202.175.143,476,600
translate-pa.googleapis.com.,142.250.191.106 142.250.190.74 142.250.191.138 142.250.190.42 142.251.34.234 172.217.4.74 142.250.190.10 142.250.191.234 142.250.191.202 172.217.4.42 172.217.1.106 172.217.2.42 142.251.32.10 142.250.190.138 142.250.191.170 172.217.5.10,142.251.34.234 172.217.2.42 142.251.32.10 142.250.191.138 142.250.191.170 142.250.191.106 142.250.191.202 142.250.190.106 142.250.190.138 142.250.190.42 142.250.191.234 172.217.5.10 142.250.190.74 172.217.4.74 172.217.1.106 142.250.190.10,154,300
braze.com.,104.17.228.60 104.17.227.60,104.17.228.60 104.17.227.60,176,300
cloudflare-dns.com.,104.16.248.249 104.16.249.249,104.16.248.249 104.16.249.249,153,300
messenger.com.,157.240.26.18,157.240.26.18,60,60
salesforce.com.,23.1.35.132 104.109.11.129 184.31.10.133 184.31.3.130 23.1.106.133 23.1.99.130 104.109.10.129 184.25.179.132,104.109.10.129 23.1.106.133 184.31.3.130 23.1.35.132 23.1.99.130 184.31.10.133 104.109.11.129 184.25.179.132,120,8
onetag-sys.com.,51.222.39.185 51.222.39.186 51.222.239.230 51.222.39.187 51.222.239.232 51.222.39.184,51.222.39.186 51.222.39.185 51.222.239.232 51.222.239.230 51.222.39.184 51.222.39.187,251,118
bidr.io.,,,-1,-1
microsoftonline.us.,,,-1,-1
pay-users-pa.googleapis.com.,192.178.214.92,142.251.166.92,176,300
zemanta.com.,23.11.19.110,23.204.51.107,8,20
mi.com.,161.117.97.92 161.117.94.231,161.117.94.231 161.117.97.92,477,600
jquery.com.,104.18.155.119 104.18.156.119,104.18.156.119 104.18.155.119,177,300
fbpigeon.com.,,,-1,-1
turn.com.,,,-1,-1
onetrust.com.,104.18.32.137 172.64.155.119,172.64.155.119 104.18.32.137,177,300
mixpanel.com.,34.117.152.135,34.117.152.135,177,170
reddit.com.,151.101.193.140 151.101.129.140 151.101.1.140 151.101.65.140,151.101.193.140 151.101.129.140 151.101.1.140 151.101.65.140,177,118
securitydomain-pa.googleapis.com.,142.250.191.202 172.217.5.10 142.250.191.234 172.217.1.106 172.217.2.42 142.250.190.74 142.251.34.234 142.250.190.138 142.250.191.138 142.250.190.106 142.250.190.42 142.250.191.106 142.251.32.10 142.250.190.10 142.250.191.170 172.217.4.42,172.217.5.10 142.250.191.234 172.217.4.74 142.250.191.170 142.250.190.106 142.250.191.202 142.250.190.10 142.251.32.10 172.217.2.42 142.250.191.138 142.250.191.106 142.251.34.234 142.250.190.138 172.217.4.42 142.250.190.42 142.250.190.74,300,300
zoom.us.,170.114.52.2,170.114.52.2,60,60
lamssettings-pa.googleapis.com.,142.250.190.106 142.250.191.106 142.250.191.234 142.250.190.10 142.250.190.42 142.250.191.138 142.250.190.74 172.217.4.74 142.250.191.202 172.217.1.106 142.250.191.170 172.217.4.42 172.217.4.202 142.250.190.138 142.251.34.234 142.251.32.10,142.250.190.10 142.250.190.42 142.250.191.138 142.251.34.234 172.217.1.106 142.250.191.202 142.251.32.10 142.250.190.74 142.250.191.234 142.250.191.170 172.217.4.74 142.250.190.138 142.250.190.106 142.250.191.106 172.217.2.42,178,300
atlassian.com.,52.84.127.19 52.84.127.90 52.84.127.74 52.84.127.98,52.84.127.90 52.84.127.98 52.84.127.19 52.84.127.74,60,60
inner-active.mobi.,54.225.119.21 62.219.50.32,62.219.50.32 54.225.119.21,3478,3600
stickyadstv.com.,51.255.169.33,51.255.169.33,177,177
qlivecdn.com.,,,-1,-1
xboxservices.com.,,,-1,-1
tiktokcdn-us.com.,,,-1,-1
growth-pa.googleapis.com.,142.250.190.10 142.250.190.74 142.250.191.106 142.251.34.234 142.250.190.42 142.250.190.106 172.217.4.42 142.250.191.234 142.250.191.170 142.250.191.138 142.250.190.138 172.217.5.10 142.251.32.10 172.217.4.74 142.250.191.202 172.217.1.106,172.217.1.106 142.251.32.10 142.250.190.10 142.250.190.138 142.250.191.138 172.217.4.42 142.250.190.42 142.250.191.234 142.250.190.74 172.217.4.74 142.250.191.170 142.250.191.202 142.250.190.106 142.251.34.234 142.250.191.106,118,300
a-mo.net.,18.160.102.9 18.160.102.5 18.160.102.128 18.160.102.64,18.160.102.9 18.160.102.128 18.160.102.64 18.160.102.5,60,60
ncca.mil.,,,-1,-1
samsungdm.com.,,,-1,-1
pinimg.com.,151.101.128.84 151.101.192.84 151.101.0.84 151.101.64.84,151.101.64.84 151.101.0.84 151.101.128.84 151.101.192.84,479,122
a2z.com.,,,-1,-1
yieldmo.com.,35.212.43.67,35.212.43.67,179,179
t.co.,172.66.0.227,162.159.140.229 172.66.0.227,37,84
fwmrm.net.,13.248.238.180 99.83.195.29,13.248.238.180 99.83.195.29,3479,3279
appier.net.,35.241.60.58,35.241.60.58,179,300
lazada.com.,47.246.165.110 47.246.167.7 47.246.165.39 47.246.167.10 47.246.167.114 47.246.167.254 47.246.165.182 47.246.165.111,47.246.167.7 47.246.165.111 47.246.165.110 47.246.167.114 47.246.167.254 47.246.165.182 47.246.165.39 47.246.167.10,179,300
unrulymedia.com.,52.84.127.116 52.84.127.17 52.84.127.48 52.84.127.80,52.84.127.48 52.84.127.17 52.84.127.116 52.84.127.80,60,60
line.me.,147.92.243.206,147.92.243.206,180,140
adsmoloco.com.,198.185.159.144,198.185.159.144,14280,12344
nist.gov.,172.65.90.26 172.65.90.27 172.65.90.25 172.65.90.24,172.65.90.26 172.65.90.27 172.65.90.25 172.65.90.24,180,300
hotjar.com.,99.84.203.110 99.84.203.128 99.84.203.76 99.84.203.6,99.84.203.76 99.84.203.128 99.84.203.110 99.84.203.6,60,60
mobilemaps.googleapis.com.,216.239.38.135,216.239.38.135,341,3600
indexww.com.,104.18.24.18 104.18.25.18,104.18.24.18 104.18.25.18,180,49
addons-pa.googleapis.com.,142.251.32.10 142.250.190.10 142.250.190.74 142.250.191.170 142.250.191.202 142.250.190.42 172.217.5.10 142.250.190.138 172.217.1.106 172.217.4.74 142.250.191.138 172.217.4.42 142.250.191.106 142.250.190.106 172.217.2.42 142.250.191.234,142.250.190.106 142.250.190.138 172.217.1.106 172.217.4.202 172.217.4.74 172.217.5.10 172.217.4.42 142.250.191.138 142.250.191.106 172.217.2.42 142.251.32.10 142.250.190.74 142.250.191.234 142.250.190.10 142.250.191.202 142.250.190.42,191,300
admanmedia.com.,23.50.186.25,23.50.186.25,180,88
yammer.com.,13.107.6.159,13.107.6.159,1680,1279
calendarpushsubscription-pa.googleapis.com.,142.250.191.234 142.250.190.74 142.250.190.138 142.250.191.138 142.250.190.106 172.217.4.74 142.250.191.202 142.250.190.42 172.217.1.106 142.250.191.170 142.250.191.106 142.251.34.234 142.251.32.10 142.250.190.10 172.217.2.42,142.250.191.170 142.250.191.106 142.250.191.234 142.250.191.202 172.217.2.42 142.250.190.74 142.250.190.138 172.217.4.42 142.250.190.106 142.251.34.234 172.217.5.10 142.250.190.10 142.250.191.138 142.251.32.10 142.250.190.42 172.217.1.106,181,300
tizen.org.,52.84.127.16 52.84.127.128 52.84.127.43 52.84.127.83,52.84.127.16 52.84.127.128 52.84.127.83 52.84.127.43,60,60
contextweb.com.,74.214.194.128,74.214.194.128,244,181
heytapmobi.com.,49.7.118.241,49.7.118.241,480,600
loopme.me.,35.206.149.249,35.206.149.249,60,60
nflxso.net.,,,-1,-1
usabilla.com.,52.84.127.51 52.84.127.74 52.84.127.78 52.84.127.104,52.84.127.78 52.84.127.51 52.84.127.74 52.84.127.104,60,60
edgekey.net.,,,-1,-1
twimg.com.,,,-1,-1
int08h.com.,151.101.1.195 151.101.65.195,151.101.1.195 151.101.65.195,181,300
locationhistoryaggregates-pa.googleapis.com.,142.250.191.202 142.250.190.74 142.250.191.234 142.250.191.106 142.250.190.42 142.250.190.106 172.217.4.42 142.250.191.138 142.251.32.10 142.250.190.10 142.250.190.138 172.217.2.42 172.217.4.74 142.250.191.170 142.251.34.234,142.250.190.42 172.217.5.10 172.217.4.42 142.251.32.10 142.250.190.74 142.250.190.10 142.250.191.106 172.217.4.202 172.217.1.106 172.217.2.42 142.250.191.234 142.250.190.138 142.250.190.106 142.251.34.234 142.250.191.170 172.217.4.74,201,300
globalsign.com.,146.75.34.133,104.18.21.226 104.18.20.226,8,284
speechs3proto2-pa.googleapis.com.,142.250.190.106 142.250.190.138 142.250.191.234 172.217.5.10 142.251.32.10 172.217.4.74 142.250.191.106 142.250.190.10 142.250.191.138 172.217.4.42 172.217.2.42 142.250.191.202 142.250.190.74 172.217.1.106 142.250.191.170 142.250.190.42,142.251.32.10 142.250.191.106 142.250.190.10 142.250.190.138 142.250.190.42 142.250.191.138 172.217.4.74 142.251.34.234 142.250.190.74 172.217.2.42 142.250.191.234 172.217.1.106 142.250.191.170 172.217.4.42 142.250.191.202 142.250.190.106,180,300
ndcpp-os.com.,,,-1,-1
liadm.com.,,,-1,-1
msn.cn.,204.79.197.235,204.79.197.235,3481,3586
omnitagjs.com.,,,-1,-1
avcdn.net.,,,-1,-1
presage.io.,217.70.184.55,217.70.184.55,6903,5499
ogads-pa.googleapis.com.,142.251.32.10 142.250.190.10 142.251.34.234 142.250.191.170 142.250.191.202 142.250.191.234 142.250.190.42 172.217.1.106 142.250.190.138 172.217.5.10 142.250.191.106 142.250.190.106 142.250.191.138 172.217.2.42 172.217.4.74 172.217.4.202,142.250.191.202 142.250.191.234 142.250.190.42 142.250.190.10 142.250.190.106 172.217.4.74 142.250.191.170 172.217.1.106 172.217.4.202 142.250.190.74 142.251.32.10 172.217.2.42 142.250.190.138 142.250.191.106 172.217.4.42 142.250.191.138,201,300
eu-1-id5-sync.com.,104.26.9.8 172.67.75.89 104.26.8.8,172.67.75.89 104.26.8.8 104.26.9.8,181,300
securetoken.googleapis.com.,142.250.191.170 172.217.4.42 142.250.191.234 142.251.32.10 142.250.190.42 142.250.190.74 142.250.190.138 142.250.191.106 142.250.190.106 172.217.2.42 142.250.191.138 142.250.190.10 172.217.5.10 172.217.1.106 142.250.191.202 172.217.4.74,172.217.4.74 172.217.2.42 142.250.190.42 142.250.191.170 142.250.191.202 142.250.190.138 142.250.190.10 142.250.191.138 172.217.4.202 142.250.191.106 172.217.1.106 142.251.32.10 172.217.5.10 142.250.191.234 142.251.34.234 142.250.190.106,166,300
drivefrontend-pa.googleapis.com.,142.250.190.74 142.250.191.170 172.217.2.42 142.250.190.10 142.250.190.138 172.217.1.106 142.250.191.138 142.250.191.234 142.251.32.10 172.217.4.202 142.250.190.106 172.217.4.74 142.250.191.202 142.250.191.106 142.250.190.42 142.251.34.234,172.217.4.74 142.250.191.202 172.217.1.106 142.250.191.138 142.250.190.74 142.251.32.10 142.250.190.42 142.250.190.106 172.217.4.202 142.250.191.234 172.217.5.10 142.250.190.138 172.217.2.42 142.250.191.106 142.251.34.234 142.250.190.10,71,300
typekit.net.,216.146.46.10 216.146.46.11,216.146.46.11 216.146.46.10,60,9
gsu.edu.,104.239.136.235,104.239.136.235,3481,3600
example.com.,23.220.75.232 23.220.75.245 23.192.228.80 23.215.0.136 23.192.228.84 23.215.0.138,23.192.228.84 23.192.228.80 23.215.0.138 23.220.75.245 23.220.75.232 23.215.0.136,103,7
mediago.io.,44.226.163.226 44.238.106.102 34.217.235.21 35.85.93.41,34.217.235.21 44.238.106.102 44.226.163.226 35.85.93.41,181,125
sitescout.com.,208.113.159.153,208.113.159.153,182,300
liftoff-creatives.io.,,,-1,-1
gvt3.com.,,,-1,-1
recaptcha.net.,142.251.32.3,142.250.191.227,181,300
scdn.co.,,,-1,-1
tiktokw.us.,,,-1,-1
oaistatic.com.,172.64.146.98 104.18.41.158,104.18.41.158 172.64.146.98,182,300
pure.cloud.,,,-1,-1
spotifycdn.com.,,,-1,-1
clienttracing-pa.googleapis.com.,142.250.190.42 172.217.1.106 142.250.191.170 142.250.191.234 172.217.4.42 172.217.5.10 142.250.190.74 142.251.34.234 142.250.190.138 142.250.190.106 172.217.2.42 142.250.191.106 142.250.191.202 172.217.4.74 142.250.191.138 142.251.32.10,142.250.191.138 172.217.4.74 142.250.191.106 142.250.190.42 142.250.190.138 142.251.32.10 142.250.191.202 142.250.190.106 172.217.2.42 142.250.190.74 142.250.191.234 172.217.4.42 142.250.190.10 142.251.34.234 172.217.1.106 142.250.191.170,104,300
readaloud.googleapis.com.,172.217.2.42 142.250.191.170 142.250.190.106 142.250.191.106 142.250.191.202 142.251.34.234 142.250.190.138 142.251.32.10 142.250.190.74 172.217.5.10 142.250.191.234 142.250.191.138 172.217.4.74 142.250.190.10 172.217.4.42 142.250.190.42,172.217.4.74 142.251.32.10 142.250.190.42 142.250.190.74 142.250.190.138 142.250.191.202 142.250.190.106 142.250.191.234 142.250.191.138 142.250.190.10 172.217.5.10 172.217.4.202 142.250.191.170 142.251.34.234 142.250.191.106,210,182
bing.net.,204.79.197.200,204.79.197.200,3482,2522
yimg.com.,13.248.158.7 76.223.84.192,76.223.84.192 13.248.158.7,1081,1200
tiktokrow-cdn.com.,,,-1,-1
intercom.io.,18.160.102.105 18.160.102.123 18.160.102.103 18.160.102.120,18.160.102.105 18.160.102.103 18.160.102.120 18.160.102.123,60,60
firebaseinappmessaging.googleapis.com.,142.250.191.202 172.217.5.10 142.251.32.10 142.250.190.106 142.250.190.10 142.250.190.74 142.250.190.138 172.217.2.42 142.250.191.138 172.217.4.42 142.250.190.42 142.250.191.170 142.250.191.234 142.250.191.106 172.217.1.106,142.250.191.106 142.250.191.138 172.217.5.10 142.250.190.10 172.217.1.106 142.250.191.170 172.217.4.42 142.251.34.234 142.250.190.42 142.250.191.234 142.250.191.202 142.251.32.10 172.217.2.42 172.217.4.202 172.217.4.74 142.250.190.138,132,182
footprintdns.com.,,,-1,-1
sentinelone.net.,,,-1,-1
firestore.googleapis.com.,142.251.32.10,142.250.190.10,104,300
sectigo.com.,91.199.212.90,91.199.212.90,3483,1184
roblox.com.,128.116.48.3,128.116.95.3,22,34
simpli.fi.,141.193.213.30,141.193.213.30,60,60
liftoff.io.,141.193.213.21 141.193.213.20,141.193.213.21 141.193.213.20,183,300
ln-msedge.net.,,,-1,-1
me.com.,17.253.142.4,17.253.142.4,182,201
unpkg.com.,104.18.1.22 104.18.0.22,104.18.0.22 104.18.1.22,182,300
shalltry.com.,99.84.203.44 99.84.203.35 99.84.203.125 99.84.203.85,99.84.203.125 99.84.203.85 99.84.203.44 99.84.203.35,60,60
yahoodns.net.,,,-1,-1
deepintent.com.,141.193.213.20 141.193.213.21,141.193.213.21 141.193.213.20,183,300
fb.com.,157.240.26.35,157.240.26.35,60,60
mozilla.org.,35.190.14.201,35.190.14.201,547,248
cdngslb.com.,115.238.23.241,115.238.23.241,182,300
avast.com.,23.209.61.95,23.209.61.95,20,20
rocket-cdn.com.,,,-1,-1
richaudience.com.,62.36.229.31,62.36.229.31,3482,3423
byteoversea.com.,,,-1,-1
ureca-lab.com.,,,-1,-1
clevertap-prod.com.,3.166.118.97 3.166.118.113 3.166.118.23 3.166.118.42,3.166.118.42 3.166.118.97 3.166.118.113 3.166.118.23,60,60
ondevicesafety-pa.googleapis.com.,142.250.191.170 172.217.4.74 142.250.190.74 142.250.191.106 142.251.32.10 172.217.2.42 142.250.191.202 142.250.190.106 142.250.191.138 142.250.191.234 142.250.190.138 142.250.190.10 142.250.190.42 142.251.34.234,142.251.34.234 142.250.191.106 172.217.2.42 142.250.191.202 142.250.191.234 142.250.190.106 172.217.4.202 142.250.190.138 142.250.191.170 142.251.32.10 172.217.5.10 142.250.190.42 172.217.1.106 142.250.190.10 142.250.191.138 142.250.190.74,183,183
adkernel.com.,141.193.213.11 141.193.213.10,141.193.213.11 141.193.213.10,70259,17304
cisco.com.,72.163.4.185,72.163.4.185,1683,174
tencent-cloud.net.,0.0.0.1,0.0.0.1,183,300
wikipedia.org.,208.80.154.224,208.80.154.224,180,63
myqcloud.com.,0.0.0.1,0.0.0.1,3483,3600
bytedance.map.fastly.net.,151.101.150.73,146.75.78.73,26,60
asjo.org.,212.237.178.116,212.237.178.116,3483,3600
ttlivecdn.com.,,,-1,-1
google.us.,142.250.191.228,142.250.190.132,183,300
google.com.hk.,142.250.191.99,142.250.190.3,184,300
content-storage-upload.googleapis.com.,74.125.201.207 64.233.181.207 172.217.214.207 108.177.121.207 192.178.209.207 173.194.195.207 74.125.69.207 142.251.184.207 173.194.193.207 74.125.126.207 74.125.202.207 64.233.179.207 74.125.132.207 142.251.189.207 173.194.194.207 192.178.210.207,74.125.132.207 64.233.179.207 172.217.214.207 74.125.69.207 74.125.126.207 74.125.202.207 209.85.200.207 173.194.194.207 173.194.193.207 74.125.201.207 64.233.181.207 142.251.183.207 192.178.209.207 173.194.195.207 173.194.206.207 142.250.152.207,184,184
visualstudio.com.,150.171.73.16 150.171.74.16,150.171.74.16 150.171.73.16,3485,2981
instantmessaging-pa-jms-us.googleapis.com.,216.239.36.158,216.239.36.158,64,300
seedtag.com.,34.140.37.23,34.140.37.23,184,300
decibelinsight.net.,,,-1,-1
spotxchange.com.,198.54.12.134 198.54.12.133,,484,-1
lazcdn.com.,,,-1,-1
yellowblue.io.,,,-1,-1
gos-gsp.io.,,,-1,-1
androidpay-users-pa.googleapis.com.,172.217.68.92,142.250.111.92,185,185
microsoft365.com.,13.107.6.156,13.107.6.156,185,54
ovscdns.com.,,,-1,-1
gumgum.com.,3.166.118.14 3.166.118.50 3.166.118.4 3.166.118.107,3.166.118.50 3.166.118.14 3.166.118.4 3.166.118.107,60,60
rfihub.com.,,,-1,-1
cloudfront.net.,,,-1,-1
mfadsrvr.com.,35.170.8.51,35.170.8.51,185,122
alibaba.com.,47.246.137.105 47.246.131.198 47.246.136.52 47.246.136.156,47.246.137.105 47.246.136.156 47.246.136.52 47.246.131.198,5,120
ipredictive.com.,,,-1,-1
ibytedtos.com.,,,-1,-1
optimizely.com.,217.114.94.2,217.114.94.2,186,300
aadrm.com.,,,-1,-1
connatix.com.,52.84.127.13 52.84.127.80 52.84.127.106 52.84.127.40,52.84.127.13 52.84.127.40 52.84.127.80 52.84.127.106,60,60
feedback-pa.googleapis.com.,142.251.34.234 142.250.190.10 142.250.191.202 142.250.191.106 172.217.4.202 142.250.190.42 142.250.190.138 142.250.190.74 142.250.191.138 142.251.32.10 142.250.190.106 142.250.191.234 172.217.1.106 142.250.191.170,172.217.4.42 172.217.5.10 142.250.190.10 172.217.4.74 142.250.190.74 172.217.2.42 142.250.191.234 142.250.191.106 142.250.190.106 142.250.191.170 142.251.34.234 142.250.191.138 172.217.1.106 142.251.32.10 142.250.191.202 142.250.190.138,44,300
4dex.io.,,,-1,-1
fontawesome.com.,104.18.23.52,104.18.22.52,186,243
shopee.co.th.,147.136.172.149,147.136.172.149,60,60
amazontrust.com.,18.160.181.46 18.160.181.72 18.160.181.18 18.160.181.11,18.160.181.18 18.160.181.46 18.160.181.11 18.160.181.72,60,60
photos.googleapis.com.,142.250.190.42 172.217.4.42 172.217.1.106 172.217.4.202 142.250.190.138 142.251.32.10 142.250.191.106 172.217.5.10 142.251.34.234 142.250.190.106 142.250.190.74 142.250.191.138 142.250.191.234 142.250.191.170 142.250.191.202 172.217.2.42,142.250.190.74 142.250.191.234 142.250.191.138 172.217.4.42 172.217.4.202 142.250.191.106 142.250.190.138 142.250.190.42 172.217.2.42 142.250.191.202 142.251.32.10 142.251.34.234 142.250.190.106 172.217.1.106 142.250.190.10 142.250.191.170,300,300
hpdaas.com.,3.5.85.115 52.218.205.154 3.5.86.144 52.92.163.35 52.218.178.171 3.5.82.248 3.5.78.5 52.218.184.114,52.92.128.43 52.92.210.203 3.5.77.138 52.92.241.155 52.92.242.243 52.92.211.75 52.92.177.211 3.5.84.0,5,5
google.com.br.,142.251.34.227,142.251.34.227,187,300
mcafee.com.,100.20.214.93,100.20.214.93,187,151
mookie1.com.,23.205.89.150 23.205.89.193,23.217.55.16 23.217.55.13,20,20
postrelease.com.,52.36.224.135,52.36.224.135,60,50
tremorhub.com.,18.160.181.60 18.160.181.96 18.160.181.15 18.160.181.35,18.160.181.96 18.160.181.60 18.160.181.35 18.160.181.15,60,60
grammarly.com.,99.84.203.59 99.84.203.33 99.84.203.84 99.84.203.125,99.84.203.125 99.84.203.84 99.84.203.33 99.84.203.59,60,60
mathtag.com.,,,-1,-1
adgrx.com.,,,-1,-1
microsoftpersonalcontent.com.,,,-1,-1
amazon.dev.,,,-1,-1
tiqcdn.com.,,,-1,-1
singular.net.,141.193.213.10 141.193.213.11,141.193.213.10 141.193.213.11,60,60
dynatrace.com.,35.168.93.157 52.86.208.141,35.168.93.157 52.86.208.141,3488,537
ads-twitter.com.,,,-1,-1
mozilla.com.,35.190.14.201,35.190.14.201,488,522
